10,4,
1,3,4,8,10,
1,2,7,1,
1,8,7,10,9,6,4,2,1,3,5,
3,1,3,5,2,
1,7,8,10,1,
2,1,9,5,3,
1,1,3,9,4,
29,3,5,10,
7,3,1,5,
1,3,9,6,4,8,1,5,10,7,2,
1,7,8,10,4,9,1,
1,10,9,6,7,4,8,
1,8,7,6,4,3,2,1,9,10,
1,3,5,10,9,1,
1,2,3,6,8,5,
1,10,8,7,6,4,
3,3,5,10,9,
1,10,6,7,8,9,1,2,4,3,5,
1,3,5,2,1,4,8,10,9,6,7,
2,5,9,3,1,
1,9,10,7,4,8,6,
1,2,10,9,5,3,
4,9,5,10,3,
4,3,10,5,
2,4,3,
1,7,8,10,6,9,4,5,3,1,2,
7,8,7,10,6,
1,8,3,2,4,5,9,10,6,7,1,
1,7,8,9,10,4,6,
1,8,7,6,10,9,4,
1,3,4,5,1,6,2,10,9,8,7,
1,3,5,6,1,2,4,7,8,9,10,
2,6,5,3,
1,5,3,1,6,
1,5,7,1,3,
1,2,10,4,6,1,5,3,9,
1,7,8,5,3,1,
1,3,5,2,1,6,4,9,10,8,7,
1,3,5,2,4,
11,10,8,7,9,
1,3,5,2,1,10,6,9,4,7,8,
2,8,9,6,
1,10,5,9,3,1,8,7,6,4,2,
2,6,9,
1,9,10,3,1,8,7,6,2,5,4,
1,8,10,7,9,4,1,6,5,3,2,
1,5,9,3,10,
2,10,4,2,
1,4,1,9,8,7,
1,9,4,1,10,
1,4,9,10,6,2,1,7,8,3,5,
2,9,8,6,
1,5,3,7,8,10,9,4,1,2,6,
1,9,2,3,10,
8,10,3,5,
4,8,7,6,10,
1,5,3,4,9,10,1,2,7,8,6,
1,9,7,8,10,4,1,
1,10,9,5,3,4,2,6,1,8,7,
1,7,8,4,9,6,10,
2,9,4,2,
1,1,5,3,2,4,
1,8,7,6,1,9,
2,4,5,7,8,
1,6,8,9,7,1,4,2,5,3,10,
1,9,10,5,2,
1,7,10,6,
1,9,8,7,4,1,10,5,3,2,6,
2,10,5,3,2,
13,5,3,4,
21,7,8,10,9,
1,3,2,1,5,9,4,
1,4,10,9,1,6,
1,2,5,3,4,1,9,10,
1,2,10,1,
1,3,5,1,2,6,10,4,9,7,8,
1,4,6,1,
3,5,10,3,
12,10,8,
2,10,2,3,
4,4,6,
1,4,9,2,
1,6,10,8,7,2,4,9,1,3,5,
1,10,4,9,8,
1,3,1,5,2,4,6,7,8,9,10,
1,3,5,8,7,10,6,2,1,4,9,
1,3,9,10,5,
53,8,
8,3,5,2,1,
1,1,3,5,6,8,10,2,7,9,4,
1,3,5,1,10,4,
2,7,2,4,
1,4,10,5,3,9,1,6,7,8,2,
1,5,3,4,9,6,
1,6,10,9,8,7,
1,1,3,5,4,9,2,
1,9,5,3,4,10,1,7,8,2,6,
1,8,7,4,3,5,9,1,6,10,2,
5,5,9,3,
1,8,4,10,
4,8,9,10,
1,4,10,6,
1,10,4,9,
1,3,8,9,10,5,7,1,
1,3,5,10,2,1,9,4,6,7,8,
1,5,3,7,8,9,6,4,2,1,10,
1,1,9,10,
1,2,10,8,
4,10,8,5,
2,5,3,7,
1,3,5,1,4,6,7,8,10,9,2,
1,6,1,8,
1,2,1,9,
1,10,9,3,1,
4,10,9,7,8,
1,7,8,4,10,6,
2,3,5,2,9,
1,4,6,7,
1,9,10,8,7,4,6,1,5,3,2,
1,4,1,3,5,
1,9,10,1,3,5,4,7,8,6,2,
1,10,8,7,9,4,6,
1,5,3,1,2,4,10,6,
6,5,3,6,
1,8,4,7,9,5,1,2,3,6,10,
1,8,7,4,6,9,10,1,2,3,
8,7,8,1,
2,9,7,10,
1,10,8,7,9,6,1,2,3,5,4,
1,9,4,3,5,1,
14,3,5,4,
1,6,3,4,
3,8,7,9,6,
4,9,5,4,
1,7,8,9,10,4,5,3,1,2,6,
1,3,5,1,6,10,9,7,8,2,4,
4,5,10,9,3,
1,1,3,5,4,
1,7,8,9,5,10,4,6,3,2,1,
1,7,10,6,8,
2,7,8,9,10,4,6,5,3,1,2,
1,5,3,8,10,
1,3,5,9,4,
18,8,7,4,
1,8,7,6,4,2,1,3,5,
6,9,10,7,8,
1,10,4,9,1,2,3,5,6,
1,5,7,8,9,
1,5,3,9,1,2,10,
1,7,9,10,4,8,6,5,3,2,1,
18,3,5,1,2,
1,3,5,8,7,6,9,4,2,1,10,
1,5,9,10,8,1,
2,9,5,1,
1,6,10,3,
1,1,2,8,4,
1,8,7,2,4,9,10,
1,6,3,10,
3,3,9,
1,3,5,9,8,
1,4,9,2,10,
1,3,5,2,1,4,6,7,8,9,10,
1,8,10,7,4,
3,10,7,8,6,
1,9,10,5,3,4,1,
1,3,5,1,2,4,10,9,6,7,8,
3,9,5,3,4,
1,3,5,1,9,4,
1,5,3,4,1,9,2,6,10,7,8,
1,8,9,10,5,
1,1,3,9,5,
1,5,3,1,2,10,4,6,9,8,7,
6,5,3,9,1,
1,5,9,10,3,2,6,1,4,7,8,
1,9,7,8,4,1,10,6,2,3,5,
1,8,7,9,3,
1,2,10,9,6,
12,1,5,3,
1,1,6,9,10,4,3,5,2,7,8,
1,3,5,1,2,4,6,7,8,9,10,
1,7,4,8,
1,9,10,1,4,5,
1,3,9,1,
1,7,8,4,6,10,9,2,1,3,5,
4,9,10,6,
2,5,2,
1,8,7,9,10,6,4,2,1,5,3,
1,7,8,9,10,1,2,4,3,6,5,
2,10,3,1,
5,8,7,10,9,4,
1,10,3,4,9,
1,9,8,10,7,4,
4,9,7,8,10,
1,7,10,2,8,
1,5,3,10,1,4,
1,8,7,10,1,6,
1,3,9,5,8,7,
2,9,8,4,
3,8,7,10,9,6,4,1,2,3,5,
8,7,8,10,4,
1,10,9,1,4,
1,4,5,3,1,
1,8,7,9,10,1,
1,7,8,4,5,
1,3,5,1,2,4,10,7,8,9,6,
1,4,3,5,1,
2,5,3,1,2,4,9,6,7,8,10,
1,4,8,
1,5,6,10,
2,10,3,5,9,
1,3,9,2,5,1,4,7,8,6,10,
1,10,3,9,5,
1,4,9,3,2,
1,4,8,10,1,2,6,7,9,5,
1,10,9,3,
1,8,7,10,4,5,3,9,6,1,2,
1,3,5,4,1,9,
2,4,9,10,1,
1,2,5,3,1,4,9,7,8,6,
1,4,10,9,2,
1,3,5,9,2,1,4,6,10,8,7,
1,6,4,7,
1,5,10,8,3,9,7,2,4,1,6,
2,2,3,5,1,10,
1,8,7,9,4,10,
1,9,2,7,
1,5,3,10,9,6,1,2,4,8,7,
5,3,2,
10,8,7,1,
12,1,
1,10,4,1,9,
1,9,4,1,8,
1,4,7,8,9,
2,3,5,2,1,4,9,
1,4,5,3,1,9,10,
1,4,2,6,
1,4,3,5,9,
1,8,7,9,4,1,
1,3,5,9,10,1,4,7,8,2,6,
1,8,7,10,9,4,6,1,5,3,2,
1,6,9,10,
1,1,8,9,
1,3,4,5,10,
1,9,10,2,
2,9,3,4,
1,3,5,2,1,4,9,6,10,7,8,
1,3,5,1,2,4,9,10,
2,6,7,3,
1,9,10,3,5,1,
1,3,2,1,5,4,6,10,9,8,7,
1,6,3,9,
1,5,8,10,9,3,7,6,4,2,1,
1,10,9,4,3,1,2,5,6,7,8,
5,7,8,10,9,4,
1,10,5,3,2,6,1,4,9,8,7,
1,7,8,6,10,9,
1,3,5,1,6,7,10,9,2,8,4,
1,10,5,3,9,
1,8,5,2,
3,2,4,
1,9,10,8,5,
1,4,9,6,8,
1,7,8,9,5,
1,8,9,3,
1,4,9,6,1,
1,1,5,3,9,4,2,
1,4,5,3,6,9,8,7,1,2,10,
1,9,8,1,5,4,
1,10,4,9,1,
1,3,5,10,2,1,
35,5,3,2,
1,7,9,8,10,
2,5,3,10,2,
1,5,4,8,7,9,6,2,3,1,10,
1,5,1,6,10,3,
1,3,1,5,9,4,
1,3,5,9,10,6,4,1,2,7,8,
1,9,8,5,4,
1,10,9,5,3,2,
1,7,9,6,
1,7,8,4,9,10,
1,3,5,1,2,4,
1,5,3,9,10,4,1,
1,3,5,1,10,2,9,4,6,7,8,
1,7,5,4,
1,9,3,8,5,
1,4,9,1,7,8,10,2,6,3,5,
1,10,9,5,4,3,1,6,2,7,8,
1,3,5,9,1,10,4,2,6,8,7,
5,7,4,9,
2,10,8,7,4,9,
1,3,5,4,9,1,
2,10,4,8,
22,5,3,9,
2,7,2,8,
7,7,8,9,4,
1,9,5,10,4,3,1,2,8,7,6,
1,5,9,10,6,1,3,7,8,
1,3,5,1,10,9,4,
1,3,5,1,6,10,2,9,4,7,8,
1,3,9,8,5,7,10,6,2,1,4,
1,9,4,7,8,
1,5,3,1,2,6,9,10,4,7,8,
2,8,1,10,
1,9,4,8,10,7,6,2,5,3,1,
1,5,3,1,9,10,2,
3,5,3,1,4,9,
3,5,4,
3,5,9,10,3,
1,7,5,3,
1,5,3,4,1,2,10,
1,9,10,7,8,4,
2,10,6,8,7,
1,5,3,4,2,1,9,6,7,8,10,
1,5,3,1,4,9,10,8,7,6,2,
1,2,4,8,7,9,10,6,
1,4,7,8,9,10,6,2,1,3,5,
1,3,5,10,1,9,2,
1,3,5,9,2,
1,5,3,1,2,9,
2,2,6,
1,10,8,7,5,9,
1,5,3,10,2,6,
6,7,8,9,10,4,
11,3,5,6,
2,10,1,9,
1,1,2,3,4,5,6,9,10,7,8,
1,8,7,9,4,6,10,2,1,3,5,
9,3,5,2,10,
1,9,7,8,5,3,
1,9,1,10,3,5,
1,5,3,9,10,2,1,
1,3,5,4,8,7,
1,1,9,3,
23,9,10,8,7,
1,10,2,6,5,4,9,
1,2,7,8,
1,7,8,10,9,6,4,
1,8,5,10,
1,8,10,7,6,4,9,
7,9,1,
1,10,6,4,1,8,
1,8,4,7,6,9,10,2,5,
1,5,3,4,2,7,8,9,10,6,1,
21,9,10,4,
1,1,9,10,4,3,5,
1,5,3,8,9,7,6,4,2,1,
1,4,1,9,10,
1,2,9,4,
2,9,4,5,
2,8,7,10,4,9,
1,5,3,1,9,2,4,
1,10,6,8,
1,4,10,8,
2,9,8,5,
1,2,5,1,3,
1,5,2,1,3,10,
1,7,8,10,4,9,6,
1,9,10,1,4,3,5,
2,3,5,1,2,6,9,10,4,7,8,
3,4,5,
1,3,5,1,10,6,9,4,2,7,8,
2,8,4,9,7,
1,3,5,1,9,10,8,
1,10,8,2,4,5,
1,1,5,
1,8,7,1,2,3,5,
2,4,9,1,
1,4,1,9,8,
1,3,5,1,4,9,10,2,7,8,6,
1,9,10,1,3,5,2,4,7,8,6,
1,8,10,9,7,
21,8,7,6,
1,8,10,5,9,
1,8,10,9,7,6,1,
17,9,10,5,
2,10,8,7,6,
1,5,3,4,9,
1,2,8,9,
1,3,5,1,2,4,6,9,10,7,8,
32,5,3,10,
1,5,3,1,10,4,9,2,6,7,8,
1,4,1,3,9,
1,3,5,9,4,1,2,6,10,7,8,
1,4,9,7,
1,7,8,6,9,
1,3,10,8,5,2,
1,7,8,6,1,
1,5,8,3,10,4,7,9,6,2,1,
1,8,7,9,5,3,10,4,6,2,1,
1,5,3,2,1,4,10,6,7,8,9,
8,6,7,8,
1,6,5,2,1,9,
1,7,8,1,9,
18,10,7,8,
1,5,3,9,10,1,6,
1,6,10,9,
3,1,3,5,9,
7,10,9,1,
2,1,9,3,5,
2,3,8,
1,9,10,4,2,1,7,8,6,3,5,
63,3,5,1,
14,7,8,6,
19,2,
2,8,7,9,1,
2,5,4,10,
1,5,3,2,6,4,10,9,1,8,7,
1,7,8,9,10,4,6,3,1,5,2,
3,4,3,5,
1,3,5,9,10,1,4,8,7,2,6,
1,3,5,9,7,
1,3,5,4,2,1,6,7,8,10,9,
1,10,8,4,
29,3,5,9,
42,5,
1,2,4,10,9,6,5,3,
4,10,6,
1,8,7,9,4,10,6,1,2,3,5,
1,8,7,9,10,6,4,
39,10,8,7,
1,4,1,8,
1,8,7,10,9,6,4,2,1,5,3,
8,3,5,1,9,
1,10,9,8,4,
1,3,5,2,1,9,
2,9,4,8,7,10,
1,3,5,1,6,9,4,
5,10,6,9,
1,7,8,10,9,6,4,5,3,2,1,
3,2,3,5,1,
11,9,5,10,
1,1,3,5,4,9,10,8,7,2,6,
1,3,5,1,4,9,2,10,8,7,6,
1,8,6,10,1,
1,7,8,9,10,1,2,4,6,3,5,
18,5,3,2,1,
1,7,8,9,10,2,3,5,6,1,4,
1,5,3,1,6,2,9,10,4,8,7,
3,10,1,5,
1,8,7,9,5,
1,5,9,8,3,
1,9,8,10,3,5,4,6,7,1,2,
1,3,5,2,10,9,
2,3,7,8,
1,2,5,10,3,
1,4,5,3,6,1,7,8,9,10,
2,8,9,10,4,
2,10,3,
1,9,1,6,10,
1,10,4,6,9,3,1,2,5,8,7,
1,5,3,1,4,2,9,10,8,7,6,
2,3,5,9,1,4,
2,4,7,
1,3,5,9,4,8,7,6,1,2,10,
1,9,8,10,4,7,1,2,
3,8,1,
6,9,3,5,10,
1,10,3,5,2,1,6,7,8,9,
2,9,10,2,5,
1,3,5,1,10,9,
1,10,3,8,6,7,1,2,5,9,4,
1,10,7,8,5,3,4,1,2,9,6,
68,10,
3,8,9,10,7,
1,9,5,3,1,4,
2,4,10,9,6,
1,9,6,10,7,
2,9,10,8,7,6,
1,3,9,1,5,
1,9,5,3,6,2,1,
15,2,3,5,
6,5,3,10,1,
1,3,7,9,
1,10,5,4,1,9,2,
1,5,3,1,4,9,10,
2,10,8,6,
1,4,5,9,7,3,1,2,6,8,10,
1,3,2,10,
5,10,7,8,9,
1,4,2,1,9,
1,9,10,1,6,
1,5,9,1,10,
5,2,5,3,
6,7,9,8,
1,5,3,1,2,10,9,8,7,6,4,
1,3,2,4,5,
1,2,1,10,3,5,4,9,6,7,8,
1,3,5,1,2,6,7,8,9,4,10,
2,3,5,1,4,9,
1,3,5,1,2,9,4,
1,2,1,5,3,10,6,9,4,7,8,
1,9,3,1,5,10,7,6,8,4,2,
1,9,1,5,
1,5,3,1,4,8,7,6,10,9,2,
1,9,10,8,7,4,1,6,2,5,3,
1,8,7,6,9,
1,10,9,8,6,2,3,5,7,4,1,
1,4,5,3,1,9,
5,3,9,5,
18,4,9,
9,5,10,
1,4,7,10,
1,9,10,3,5,
4,8,4,
1,3,5,9,2,1,4,6,10,7,8,
2,1,2,
1,1,2,3,4,5,6,9,10,
2,5,3,1,4,
1,9,2,3,
1,3,5,4,1,7,8,9,10,6,2,
1,9,7,8,5,
1,2,5,3,1,
1,7,8,9,10,6,4,1,2,5,3,
1,4,8,7,10,
1,9,5,4,10,
1,10,4,2,1,3,5,8,7,9,6,
1,3,5,9,1,10,4,
1,5,3,1,2,10,9,4,
6,9,5,3,10,
26,7,8,9,10,
2,10,4,5,
2,4,9,8,
1,4,1,2,8,7,
1,4,2,
1,8,3,9,
22,7,
1,9,3,2,
3,6,8,9,
1,9,5,4,3,1,10,
1,9,8,7,4,1,
2,8,6,
1,8,10,7,9,6,4,1,3,5,2,
2,8,10,9,
1,5,3,6,4,2,7,8,9,10,1,
1,9,3,8,
2,3,5,9,1,
1,5,1,6,9,
1,1,3,5,2,10,
1,3,4,7,
1,5,3,4,2,
7,9,4,1,
1,8,4,7,6,5,3,2,1,9,10,
1,8,6,7,9,
1,7,8,10,6,4,2,9,1,3,5,
1,8,1,7,6,
1,3,5,9,1,6,4,7,2,8,10,
1,10,6,8,7,2,4,9,1,3,5,
1,5,10,3,2,
1,5,1,3,9,4,2,6,7,8,10,
1,3,5,9,2,1,6,10,8,7,4,
1,1,3,5,9,2,4,7,8,10,6,
1,8,7,9,4,2,10,
1,5,3,1,2,4,9,10,
1,6,9,8,7,10,4,
1,2,4,6,
1,10,9,8,7,1,
1,9,3,10,
1,4,6,7,10,
1,3,2,4,9,
1,6,1,9,4,
1,10,4,1,9,5,3,2,8,7,6,
1,3,5,2,1,6,9,10,4,7,8,
1,10,5,4,3,
1,7,9,10,4,
1,9,8,7,4,6,
1,9,10,8,4,
6,8,7,4,9,10,
1,8,7,4,6,
1,3,5,2,4,10,6,1,7,8,9,
1,5,2,9,1,3,10,4,6,7,8,
2,5,8,10,7,
2,9,1,8,
1,8,9,10,7,1,
1,8,9,4,1,
1,3,5,1,2,4,9,
3,4,9,5,
1,3,5,1,4,9,10,2,8,7,6,
1,8,9,7,10,4,
2,10,8,7,9,4,
2,9,4,8,7,
8,3,5,1,4,
1,8,7,10,9,6,1,4,2,3,5,
2,1,4,
1,4,5,9,
6,3,5,1,10,
6,5,3,8,
4,3,2,5,
6,5,9,
1,6,10,4,
1,2,3,8,9,10,
1,5,3,2,6,1,9,4,8,7,10,
1,10,9,4,1,
1,10,5,3,1,9,
1,4,1,3,5,2,9,10,6,7,8,
1,9,7,8,4,1,
6,8,7,2,
1,9,1,10,4,
1,9,5,3,1,10,
2,3,5,2,1,6,
1,4,9,3,5,10,1,2,6,7,8,
1,2,10,3,5,4,
84,7,8,9,
1,3,5,9,4,10,8,1,7,6,2,
1,9,5,4,6,
1,7,5,10,
1,5,9,2,3,
1,10,8,5,7,
1,8,7,1,10,9,5,3,4,6,2,
1,5,6,2,3,4,1,
1,7,8,4,9,1,10,6,2,3,5,
1,7,8,10,9,4,6,
3,5,3,10,9,1,
1,8,7,10,9,1,3,5,4,
1,7,8,4,9,10,6,1,3,5,2,
230,7,8,
42,4,
3,3,5,1,6,
14,5,3,1,2,
3,8,7,10,9,6,
1,9,10,7,3,
1,4,3,1,5,
1,6,2,9,
1,5,3,6,1,4,2,9,7,8,10,
2,9,6,
7,10,9,5,3,
1,10,9,5,3,4,
1,3,1,2,4,5,6,7,8,9,10,
3,10,7,
1,10,9,8,7,6,4,
1,8,7,4,2,9,10,
1,5,2,3,1,10,6,4,9,8,7,
2,8,9,5,
1,7,8,3,5,1,
7,2,10,
2,6,10,
5,5,3,2,10,
3,2,3,
6,10,8,9,7,
1,10,9,5,3,1,
1,8,7,2,9,4,6,5,10,3,1,
1,5,3,2,4,
1,7,8,10,6,4,1,2,9,3,5,
2,9,4,8,
6,10,4,
1,3,5,6,2,1,7,8,9,10,
1,8,4,7,9,10,6,
1,5,3,6,10,2,1,9,4,7,8,
1,3,5,2,1,9,4,10,7,6,8,
1,3,2,5,1,10,
1,5,3,10,6,9,1,2,4,7,8,
1,5,1,3,9,
1,7,8,6,5,4,3,2,1,9,10,
3,1,6,10,
1,7,4,9,10,
1,9,10,7,4,
1,5,3,4,6,
1,5,3,10,9,1,4,
2,1,7,
2,5,1,10,
13,10,9,4,
1,9,10,4,5,3,8,7,1,2,6,
1,1,4,10,
1,3,5,1,2,10,6,9,4,7,8,
4,4,1,
5,9,5,3,1,
1,6,9,10,5,
1,10,9,5,7,
1,2,6,8,
1,4,9,7,8,
1,3,5,2,1,6,10,4,9,7,8,
1,10,6,5,4,3,2,1,9,7,8,
1,8,7,10,9,6,4,1,3,2,
1,10,8,7,9,4,5,3,1,2,6,
1,7,3,2,
2,5,4,3,
2,6,2,10,
1,10,3,5,1,9,
78,7,8,10,
1,3,5,1,4,2,9,7,8,6,10,
1,4,2,8,
1,1,5,4,
1,3,5,4,7,8,9,6,1,2,10,
1,3,1,5,4,6,7,9,10,8,2,
2,8,9,2,
1,4,9,10,8,5,3,2,7,
1,7,8,4,1,
1,5,10,2,4,
1,3,5,1,10,9,2,4,6,8,7,
1,4,10,6,1,2,9,
1,1,4,6,10,9,
9,9,1,3,
2,7,8,10,6,9,
3,10,5,3,4,
1,4,3,5,10,6,1,7,8,9,2,
1,10,6,2,
4,5,3,4,1,
1,3,2,5,1,
1,10,3,5,7,9,8,6,2,1,
1,4,6,9,1,2,10,8,7,5,3,
1,7,8,4,1,9,6,10,
2,9,8,4,7,
1,2,3,5,4,1,10,9,6,
1,2,3,5,10,
1,5,3,4,10,
1,10,5,3,4,1,
1,9,5,1,6,
1,5,3,6,10,1,2,9,4,7,8,
2,3,9,5,1,
1,2,9,10,6,
154,5,3,
1,4,3,6,10,
2,2,3,10,
1,7,8,9,2,1,6,10,3,4,5,
1,10,5,3,2,1,6,7,8,9,4,
3,8,2,4,
1,4,8,7,10,2,9,6,5,3,1,
1,3,5,1,4,9,2,6,7,8,
1,9,8,5,3,
1,10,7,4,
1,5,3,2,1,4,6,7,8,9,10,
1,10,9,6,7,8,
1,7,8,10,4,9,1,6,2,3,5,
3,3,10,9,
1,9,1,10,4,5,3,
20,10,9,8,7,
1,5,6,3,
9,8,7,4,9,
1,1,5,3,4,10,9,2,6,8,7,
1,10,2,1,9,
2,8,2,10,
69,9,
1,5,3,1,2,10,9,6,4,7,8,
1,3,5,6,4,1,
1,6,3,
1,5,3,1,2,10,9,4,6,8,7,
15,1,3,5,
1,9,10,7,5,
1,8,7,9,10,4,1,
5,9,10,7,
1,6,8,7,1,4,9,10,
1,5,3,10,9,1,2,6,4,8,7,
1,4,10,2,
2,1,10,9,
1,9,10,4,8,7,
1,7,9,4,
81,8,7,9,
1,2,5,3,4,
1,4,3,1,
3,3,5,2,6,
1,6,8,7,10,9,1,4,2,5,3,
1,9,4,8,7,10,1,6,5,3,2,
165,3,5,
1,7,9,8,4,
10,4,9,10,
1,9,5,3,4,1,10,2,6,7,8,
1,7,8,10,4,2,1,9,6,
1,5,10,8,
1,8,10,6,7,
1,9,4,3,1,2,5,10,7,8,6,
1,8,10,7,9,4,
1,9,10,2,6,1,4,7,8,3,5,
1,9,10,8,3,
1,9,10,5,3,4,1,2,6,8,7,
1,9,10,3,5,4,1,
1,7,8,3,9,
1,5,9,8,
1,5,3,1,10,9,4,2,6,7,8,
1,7,8,9,10,1,4,6,5,3,2,
3,8,7,9,10,4,
1,5,3,2,1,6,4,10,9,
1,10,1,5,4,
10,4,10,
1,5,3,10,4,
1,3,5,4,8,7,9,6,1,2,10,
1,5,6,8,
1,3,5,7,8,4,
6,3,5,8,
2,8,10,4,
1,5,3,1,2,4,6,10,
1,4,6,9,
9,5,3,10,9,
1,4,9,10,8,7,6,1,
1,3,5,2,6,1,9,
1,10,3,5,1,
2,1,3,5,9,4,
1,1,3,5,10,9,4,2,6,7,8,
2,10,8,7,1,
1,8,3,
1,8,9,7,4,10,6,1,5,3,2,
1,9,1,10,2,3,4,6,5,7,8,
14,5,3,1,10,
1,3,1,4,
1,9,1,3,5,10,4,6,2,7,8,
1,5,3,2,9,10,
2,7,8,9,4,10,6,
1,9,8,5,10,
1,5,8,9,3,
1,7,1,8,9,6,10,
1,6,10,8,7,
1,2,1,3,5,4,10,9,6,7,8,
1,4,5,3,9,6,10,1,2,7,8,
1,8,7,4,1,6,9,10,5,3,2,
1,9,4,10,3,5,7,8,1,6,2,
1,10,7,9,6,8,
2,3,8,5,
1,7,1,
2,7,8,2,
1,10,5,1,9,
3,10,9,6,
1,8,7,4,9,10,6,
2,5,4,2,1,
1,1,2,3,
1,3,5,10,9,1,4,6,7,8,2,
1,10,9,4,2,
3,5,1,3,
1,10,5,4,
2,7,4,
1,6,8,7,9,
1,10,9,3,5,1,
1,9,4,10,6,5,3,1,8,7,2,
1,4,6,3,8,10,
1,8,9,1,
1,8,9,7,4,
1,5,6,
109,8,7,10,
1,3,8,9,
1,9,4,7,8,5,3,
1,9,3,8,4,7,5,1,6,10,2,
3,9,1,10,
2,9,6,4,10,
1,10,9,4,2,1,6,7,8,3,5,
2,10,5,1,
1,10,3,5,2,1,
1,4,9,10,8,7,
1,9,5,6,
39,3,5,2,
1,8,3,9,5,7,2,
1,5,10,2,
1,1,4,5,3,
1,10,2,
1,5,3,10,1,2,9,6,4,7,8,
1,10,9,1,3,
1,3,5,4,1,9,2,6,10,8,7,
1,10,4,9,6,
1,10,3,5,1,2,9,
1,8,9,1,7,
1,8,7,5,
1,10,7,3,
1,8,7,9,6,10,4,1,5,3,2,
1,6,5,3,4,1,10,9,7,8,2,
1,10,4,7,
1,3,4,8,
1,3,5,6,2,4,1,9,10,8,7,
1,1,9,5,
1,9,7,10,2,
1,8,5,7,6,9,10,
1,5,2,3,10,
1,1,4,3,9,5,
3,8,7,5,3,
1,10,9,4,8,7,6,5,3,2,1,
1,9,4,10,8,
1,9,10,5,3,4,
1,8,1,4,5,3,9,7,10,2,6,
1,9,8,1,
13,8,7,9,4,
3,7,9,10,
1,5,1,3,2,
1,7,9,6,8,1,2,3,4,5,10,
9,9,10,5,3,
1,9,7,1,5,2,
1,9,8,4,1,
1,10,9,7,6,4,
3,5,3,2,1,10,
1,3,5,10,2,
1,9,6,8,10,4,7,
1,3,9,10,
1,5,8,3,2,
2,1,3,5,10,
1,5,9,7,6,
1,10,7,8,9,4,3,5,6,1,2,
1,1,3,5,4,10,
1,5,1,3,2,4,7,8,9,10,6,
1,5,9,3,1,10,
1,1,4,9,2,
8,5,10,9,
1,7,8,9,1,4,10,2,6,3,5,
6,10,9,7,
1,8,7,1,10,9,2,3,5,6,4,
1,10,1,3,
1,8,7,9,10,4,1,6,5,3,2,
1,10,9,5,6,7,8,4,3,2,1,
1,8,7,1,10,
4,7,10,9,
1,9,10,4,5,3,
1,4,9,1,5,3,
2,10,5,9,
1,1,4,9,3,5,
1,3,9,10,2,5,6,4,1,7,8,
1,9,6,8,
1,3,5,10,6,2,1,9,4,8,7,
4,8,4,7,
1,10,7,2,6,
1,6,4,
1,10,9,8,6,
1,3,9,2,5,10,
1,10,9,4,8,
1,1,3,10,9,5,4,
3,3,5,7,
1,5,3,4,1,10,8,9,7,2,6,
3,5,1,
1,10,9,5,8,3,
1,10,9,4,6,
1,3,9,4,
6,6,
1,5,10,3,9,1,2,6,7,8,4,
1,5,3,1,2,9,10,4,6,7,8,
3,1,4,9,
1,10,1,9,4,
1,4,1,10,
1,5,9,4,
5,9,4,10,
1,7,8,9,10,4,6,1,2,5,3,
1,5,3,6,2,1,4,7,8,10,9,
1,5,3,1,2,10,9,8,4,7,6,
61,9,10,
4,1,9,4,
2,10,8,7,4,
1,8,2,3,5,10,
1,9,5,4,8,10,
1,4,6,10,9,
1,5,3,1,9,2,4,10,7,8,6,
8,10,9,5,
1,7,8,9,10,6,4,1,2,3,5,
1,5,3,6,2,1,10,9,8,7,4,
1,9,1,3,5,10,4,
3,10,9,2,
4,4,1,9,
5,10,8,9,
1,3,5,10,7,8,
1,4,3,5,1,9,
1,4,6,1,7,
36,3,
1,5,4,3,1,
4,7,8,10,6,
2,10,7,9,
1,4,6,7,8,9,1,10,3,2,
1,2,5,3,4,1,6,10,9,7,8,
2,10,9,3,5,
1,7,4,8,9,6,
1,9,10,7,8,1,
1,7,8,3,5,9,
1,5,3,7,9,
1,5,9,10,3,8,
1,3,7,9,6,
2,9,1,3,5,
1,8,1,4,
2,8,7,1,9,
1,1,7,2,3,
1,5,3,2,7,8,9,6,1,4,10,
2,3,5,2,9,10,
1,9,5,3,1,6,7,8,2,10,
1,9,7,8,4,6,10,
1,2,5,6,1,4,3,
17,9,8,7,
1,10,3,5,9,1,
1,2,5,3,1,9,6,4,10,7,8,
1,8,9,10,2,
2,3,1,2,
1,10,9,8,1,7,
1,5,10,9,3,8,7,1,4,6,2,
2,3,5,4,1,
3,8,7,4,10,9,
1,7,8,10,9,1,4,
1,5,7,10,9,
1,6,2,1,
1,5,3,2,9,
1,5,9,8,4,
1,4,9,10,1,2,3,5,6,7,8,
21,10,9,8,
9,5,3,1,9,
1,10,9,7,8,6,1,4,
4,8,7,10,4,
3,1,2,3,5,
1,5,3,1,9,4,
7,9,8,10,
1,9,4,6,
1,6,8,10,
1,10,9,6,4,
1,5,3,6,1,
34,8,7,9,10,
1,4,7,2,
2,5,3,1,9,10,
1,9,6,10,
1,5,3,6,9,4,7,8,10,1,2,
49,10,9,
1,1,10,9,6,4,8,7,5,3,2,
1,10,8,1,7,9,
1,9,6,10,3,
2,5,3,9,1,10,4,2,
1,6,5,7,
1,3,5,9,7,8,
1,7,8,9,10,4,6,2,3,5,1,
1,10,9,8,7,4,
1,3,8,5,10,
1,3,9,2,5,
1,3,5,10,7,8,9,1,6,4,2,
2,5,2,3,
1,9,4,1,6,8,7,5,3,2,10,
2,5,3,9,2,
1,9,3,5,6,1,10,2,4,
2,3,5,4,2,
1,5,3,9,6,10,1,4,2,7,8,
1,9,3,2,5,1,10,6,4,
1,3,5,1,10,9,4,2,6,8,7,
1,8,7,1,9,10,4,3,5,2,6,
1,4,6,3,10,
3,7,6,8,
8,5,9,10,
3,8,7,6,1,
1,3,5,1,4,6,7,8,9,2,
1,3,8,7,
2,9,10,5,8,
1,3,5,8,6,
1,3,5,7,4,
1,10,9,1,4,8,7,6,2,3,5,
1,3,5,9,10,1,6,
1,8,7,2,1,
1,3,5,10,1,2,
4,10,5,3,1,
3,8,9,7,10,
1,6,8,
1,10,9,8,3,
1,2,10,6,9,4,5,3,7,1,8,
1,1,8,4,3,2,
1,5,3,10,4,1,6,2,8,9,7,
1,9,10,1,5,
2,8,7,10,1,6,9,4,5,3,2,
1,10,9,7,8,2,4,
12,7,8,4,9,
12,8,10,7,
5,5,3,9,4,
1,2,4,9,
1,9,4,10,8,7,6,2,1,5,3,
1,9,10,7,8,6,4,
1,4,8,5,
1,10,5,8,3,7,2,6,9,1,4,
1,4,7,9,
11,9,8,7,10,
1,9,4,10,8,7,
2,10,4,8,7,
1,5,3,1,6,4,9,10,8,7,2,
1,4,3,9,10,1,6,5,7,8,2,
1,8,7,9,10,6,3,5,1,4,2,
4,10,5,
1,6,9,4,
1,10,8,6,5,3,1,4,2,9,7,
1,9,8,7,6,2,4,10,1,3,5,
1,8,7,10,9,6,4,1,5,3,2,
1,1,10,2,
1,1,4,10,9,
1,10,1,5,3,
1,7,6,8,2,10,
1,7,10,9,4,8,
1,3,2,5,6,
2,3,10,5,4,
1,3,5,10,2,1,6,9,4,8,7,
1,4,8,10,
1,3,5,9,2,1,4,10,6,8,7,
1,5,1,9,
5,3,5,9,10,
1,5,9,1,3,4,2,8,7,10,6,
1,5,8,
1,4,2,1,
1,5,3,2,1,6,4,9,10,8,7,
1,6,3,5,2,
3,9,7,
1,1,2,10,3,5,4,7,8,9,6,
1,4,9,8,3,
1,10,1,3,5,
1,10,9,5,7,8,3,4,
1,3,5,4,1,6,10,9,8,7,2,
1,9,5,10,1,3,2,6,4,8,7,
1,5,10,6,
1,4,3,5,9,7,8,1,2,6,10,
1,1,5,2,3,
1,3,5,10,2,6,1,9,4,8,7,
1,3,5,9,1,10,4,2,7,8,6,
2,5,3,2,1,4,9,10,
2,4,10,9,1,
1,3,5,2,1,10,4,
1,10,1,9,6,2,4,3,5,7,8,
1,1,5,10,
1,10,7,8,4,9,
1,3,10,
8,8,10,
1,8,10,9,5,1,3,7,
9,7,10,
1,1,2,3,5,4,6,7,8,9,10,
1,1,9,10,3,5,4,
1,6,1,10,
2,3,9,5,1,4,
2,8,4,9,
1,1,4,9,10,6,
9,9,1,4,
2,5,3,2,1,4,9,10,7,8,6,
1,10,9,5,1,
1,9,10,4,6,
1,10,8,2,
1,3,1,
1,9,10,1,5,3,4,2,7,8,6,
4,2,5,10,
1,10,1,4,
4,9,3,
1,4,5,3,10,
1,5,3,1,2,10,6,4,9,7,8,
1,9,10,8,7,4,6,5,3,2,1,
1,2,4,3,5,
1,8,7,9,4,10,6,3,5,1,2,
1,1,4,7,
3,10,7,8,5,
1,7,8,9,4,10,6,2,3,5,1,
2,6,2,
1,5,9,10,3,8,7,6,4,1,2,
1,3,5,2,1,4,6,9,10,8,7,
1,1,3,5,4,10,9,2,
1,7,2,4,8,9,10,5,6,1,3,
1,10,7,8,9,6,4,5,3,1,2,
1,4,1,9,5,3,10,
1,5,3,2,6,9,
2,5,9,1,
3,3,5,10,1,
1,5,3,2,1,6,4,9,10,7,8,
21,9,4,
3,9,8,10,7,
2,2,5,3,6,10,9,1,4,7,8,
1,10,8,3,
1,1,7,9,4,
1,9,5,10,1,
1,1,3,5,7,8,10,
1,7,8,1,4,
1,7,8,9,10,2,
1,3,8,10,9,
1,5,3,10,9,2,4,1,6,7,8,
1,3,1,5,2,
1,1,5,3,4,9,7,8,2,10,6,
1,9,4,10,6,
1,3,5,1,6,2,4,10,7,8,9,
8,8,9,
1,10,8,5,7,1,
1,3,1,9,4,
2,8,4,1,
1,3,5,10,6,2,1,9,4,7,8,
1,3,9,8,
8,4,10,9,
1,3,2,5,1,9,4,6,7,8,
8,10,5,3,
1,9,4,8,10,
30,8,7,10,9,
7,9,7,8,
1,5,10,9,8,
1,3,5,1,2,10,9,8,7,6,4,
1,5,3,9,4,2,
1,2,7,9,10,4,
1,5,3,7,8,4,6,2,1,9,10,
1,1,4,9,6,7,8,2,10,
1,8,9,5,3,2,4,6,7,10,1,
1,5,3,10,9,1,2,4,6,8,7,
1,10,5,3,1,6,
1,7,9,1,
1,3,2,1,5,10,4,9,6,7,8,
1,7,8,1,4,6,9,10,2,5,3,
2,8,10,7,9,
3,3,5,1,10,9,4,2,6,7,8,
1,5,1,9,2,
1,5,7,9,
1,5,2,10,
1,8,4,2,
1,10,8,7,9,6,4,1,
1,10,9,3,5,8,7,1,6,4,2,
1,1,4,2,
1,5,8,4,
1,1,9,10,3,
1,6,5,10,
1,8,9,7,6,4,1,2,3,5,
1,5,3,8,7,
1,5,8,9,10,
2,3,5,1,2,9,
2,8,5,7,
6,8,9,7,
1,2,5,3,1,10,
1,3,5,9,6,
1,2,3,5,10,4,
1,5,4,9,
12,7,8,4,
1,8,10,9,7,2,1,4,3,5,
1,3,2,5,10,
1,9,10,1,4,
1,5,2,3,1,
1,7,5,
1,5,3,1,9,6,4,7,8,10,2,
14,9,10,1,
1,8,7,4,10,
4,10,1,
1,7,8,10,4,9,
1,5,3,4,10,9,1,
4,9,5,8,
1,7,8,9,6,
1,4,10,9,6,8,7,
1,4,6,2,1,3,5,7,8,9,10,
4,3,4,5,
2,9,4,3,5,
1,5,3,10,4,6,2,1,9,8,7,
2,9,8,7,4,2,
1,8,9,7,4,10,6,1,3,5,2,
1,9,10,8,7,5,3,6,4,1,2,
1,3,8,10,7,5,4,
1,4,9,1,6,
1,5,4,10,1,6,8,7,9,3,2,
1,3,8,10,5,2,
2,1,5,3,10,
1,7,8,9,10,4,1,3,5,2,6,
3,5,3,1,2,10,
1,5,10,8,3,6,4,9,2,7,1,
1,9,1,3,5,4,
1,5,10,1,
1,7,8,9,4,6,10,5,3,1,2,
1,2,1,3,
1,8,7,6,5,3,9,2,1,4,10,
1,9,7,8,10,4,5,3,1,2,6,
1,8,6,10,
1,7,4,5,
2,7,8,3,
1,10,9,4,5,3,2,1,8,7,6,
2,10,9,1,3,5,
1,5,7,2,
2,3,1,5,9,
4,1,9,
17,5,3,9,10,
1,3,5,9,2,1,6,4,10,8,7,
1,2,1,
2,5,1,3,4,9,
1,9,4,1,5,
1,3,4,1,5,2,
2,1,9,4,10,
7,9,5,
1,5,3,2,1,10,4,9,
1,9,10,4,5,3,2,1,6,7,8,
1,3,5,8,9,
1,3,1,2,5,
16,9,10,8,
1,3,5,1,10,9,2,4,8,7,6,
2,7,10,9,8,
1,8,7,10,4,9,6,1,2,3,5,
3,8,5,9,
1,5,7,1,2,3,4,6,8,9,10,
1,5,10,9,2,
244,8,7,
1,10,7,9,8,
3,9,10,3,
1,3,5,7,8,9,10,
1,5,10,3,4,9,
2,2,5,3,10,
1,5,3,10,1,2,
1,4,9,8,10,7,6,1,2,3,5,
66,5,3,1,
3,7,8,4,10,
1,5,10,3,1,7,8,2,4,6,9,
1,3,5,9,2,6,
1,4,7,6,8,
1,10,5,9,8,7,
1,9,10,6,4,
2,7,10,8,
1,9,4,10,1,6,7,8,5,3,2,
9,9,5,3,
1,10,8,9,4,
2,4,8,7,
1,8,9,6,7,10,4,2,1,3,5,
2,7,8,4,2,
1,5,3,4,9,10,
1,8,7,1,2,3,4,5,6,9,10,
1,9,4,8,7,10,1,6,2,3,5,
1,8,2,6,
1,1,9,4,8,7,
1,3,5,4,6,2,1,10,9,8,7,
1,7,9,10,1,3,5,4,6,8,2,
3,6,8,7,
1,5,3,1,9,10,4,
10,9,8,
1,8,7,1,6,10,9,4,5,3,2,
1,10,9,3,5,1,2,4,6,7,8,
6,9,3,5,
1,3,5,4,1,2,6,7,8,9,
1,8,10,7,1,
1,7,8,4,6,10,9,1,2,3,5,
1,9,3,5,2,6,4,1,10,
2,5,8,3,
1,10,5,8,7,9,
1,3,5,1,9,10,2,4,8,7,6,
1,3,5,1,2,4,10,6,9,
1,8,7,1,10,9,6,5,4,3,2,
1,10,8,7,6,9,
1,2,5,3,1,10,6,9,4,7,8,
4,7,8,5,
1,10,4,1,
1,7,2,9,
1,8,9,7,4,1,6,10,2,3,5,
1,9,7,6,
1,5,3,9,2,10,8,7,4,1,6,
1,4,8,9,
1,1,3,10,4,9,
1,9,8,10,7,5,6,3,4,2,1,
1,9,8,4,3,
1,6,7,8,10,9,2,4,
1,2,9,8,
3,4,7,8,
1,7,6,4,
1,3,5,10,9,2,1,6,8,7,
1,7,1,9,10,
"Candidate 1","Jamie Cole-Hamilton","Green (Gr)",
"Candidate 2","Charlotte Diana Cross","Alba Party for Independence (API)",
"Candidate 3","Geoff Crowson","Scottish National Party (SNP)",
"Candidate 4","Arif Mahmood","Labour (Lab)",
"Candidate 5","David Mair","Scottish National Party (SNP)",
"Candidate 6","Joanna Moore","Scottish Family Party (SFP)",
"Candidate 7","Steve Owen","Conservative and Unionist Party (Con)",
"Candidate 8","Hannah Powell","Conservative and Unionist Party (Con)",
"Candidate 9","Anne Margaret Simpson","Liberal Democrat (LD)",
"Candidate 10","Norman John Smith","Independent (Ind)",
"Ward 4 - Central Buchan",